num_client_procs,num_clients_per_proc,num_participants,num_vote_requesters,num_participant_voter_partitions,num_committers,num_participant_acker_partitions,num_enders,jvm_heap_size,log_level,duration,timeout,warmup_duration,warmup_timeout,warmup_sleep,client_lag,leader_flush_every_n,profiled,monitored,prometheus_scrape_interval,workload.num_keys,workload.read_fraction,workload.write_size_mean,workload.write_size_std,workload.name,latency.mean_ms,latency.median_ms,latency.min_ms,latency.max_ms,latency.p90_ms,latency.p95_ms,latency.p99_ms,start_throughput_1s.mean,start_throughput_1s.median,start_throughput_1s.min,start_throughput_1s.max,start_throughput_1s.p90,start_throughput_1s.p95,start_throughput_1s.p99
1,1,3,1,1,1,1,1,100m,info,0:01:00,0:01:05,0:00:25,0:00:30,0:00:05,0:00:10,1,False,True,0:00:00.200000,1,0.0,16,0,UniformReadWriteWorkload,0.9940915460665415,0.934713,0.737577,211.260176,1.027668,1.063795,1.4294662000000018,992.9204827156289,1013.0,536.0,1086.0,1047.0,1055.0,1073.0
1,50,3,1,1,1,1,1,100m,info,0:01:00,0:01:05,0:00:25,0:00:30,0:00:05,0:00:10,1,False,True,0:00:00.200000,1,0.0,16,0,UniformReadWriteWorkload,2.473349289581452,2.5220855,0.762293,7.201733,2.684422,2.726663,2.82576389,18566.580785826718,18622.0,11000.0,19577.0,19207.0,19318.0,19459.0
1,100,3,1,1,1,1,1,100m,info,0:01:00,0:01:05,0:00:25,0:00:30,0:00:05,0:00:10,1,False,True,0:00:00.200000,1,0.0,16,0,UniformReadWriteWorkload,3.9681369544098093,4.050186500000001,0.891287,13.346654,4.28058,4.3520793,4.55854673,22809.015524498045,22690.0,10200.0,31386.956521739132,23207.0,23417.0,29426.79127725857
2,100,3,1,1,1,1,1,100m,info,0:01:00,0:01:05,0:00:25,0:00:30,0:00:05,0:00:10,1,False,True,0:00:00.200000,1,0.0,16,0,UniformReadWriteWorkload,6.098537031090889,6.7642495,0.914745,13.703172,7.3340684,7.44144235,7.61325067,29678.741566443463,29545.0,11307.692307692309,36137.0,32508.0,33825.0,34950.0
1,1,3,1,1,1,1,1,100m,info,0:01:00,0:01:05,0:00:25,0:00:30,0:00:05,0:00:10,1,False,True,0:00:00.200000,1,0.0,16,0,UniformReadWriteWorkload,0.841045095721413,0.834247,0.666866,10.645153,0.9209499999999999,0.9502843999999999,1.0133134799999999,1165.2788954601162,1169.0,962.2641509433962,1223.0,1208.0,1213.0,1217.0
1,50,3,1,1,1,1,1,100m,info,0:01:00,0:01:05,0:00:25,0:00:30,0:00:05,0:00:10,1,False,True,0:00:00.200000,1,0.0,16,0,UniformReadWriteWorkload,2.407747624865286,2.4648985,0.783354,5.761868,2.62868,2.678098,2.7800054799999976,19013.618065235725,19042.0,8916.666666666666,22129.032258064515,19357.0,19432.0,19548.0
1,100,3,1,1,1,1,1,100m,info,0:01:00,0:01:05,0:00:25,0:00:30,0:00:05,0:00:10,1,False,True,0:00:00.200000,1,0.0,16,0,UniformReadWriteWorkload,3.992107744741952,4.039898,0.930553,6.749735,4.2778196,4.355667,4.52679604,22642.95842318076,22623.0,10833.333333333334,33586.206896551725,23111.0,23229.0,24640.625
2,100,3,1,1,1,1,1,100m,info,0:01:00,0:01:05,0:00:25,0:00:30,0:00:05,0:00:10,1,False,True,0:00:00.200000,1,0.0,16,0,UniformReadWriteWorkload,6.368015901202882,6.96181,0.921768,13.008526,7.380953,7.471593,7.6330371999999995,29423.17605396526,28948.0,13333.333333333334,37098.0,32826.0,33751.0,36124.0
1,1,3,1,1,1,1,1,100m,info,0:01:00,0:01:05,0:00:25,0:00:30,0:00:05,0:00:10,1,False,True,0:00:00.200000,1,0.0,16,0,UniformReadWriteWorkload,0.8997094074639163,0.8940030000000001,0.712841,5.188494,0.9869011,1.0170279500000001,1.0809894299999998,1091.6340616901136,1094.0,921.0526315789473,1126.0,1110.0,1114.0,1119.0
1,50,3,1,1,1,1,1,100m,info,0:01:00,0:01:05,0:00:25,0:00:30,0:00:05,0:00:10,1,False,True,0:00:00.200000,1,0.0,16,0,UniformReadWriteWorkload,2.491573020491992,2.536849,0.814467,5.033413,2.710249,2.757175,2.85528464,18402.250885287533,18392.0,10214.285714285714,20880.434782608696,19033.0,19169.0,19312.0
1,100,3,1,1,1,1,1,100m,info,0:01:00,0:01:05,0:00:25,0:00:30,0:00:05,0:00:10,1,False,True,0:00:00.200000,1,0.0,16,0,UniformReadWriteWorkload,4.259533251169591,4.278147499999999,0.91361,6.812304,4.514547500000001,4.5864740500000005,4.743059,21314.23579458627,21393.0,11300.0,25250.0,21873.0,22056.0,22325.0
2,100,3,1,1,1,1,1,100m,info,0:01:00,0:01:05,0:00:25,0:00:30,0:00:05,0:00:10,1,False,True,0:00:00.200000,1,0.0,16,0,UniformReadWriteWorkload,6.985559537775008,7.396666,0.975348,11.925182,7.6593084000000005,7.7272381999999995,7.87526452,26894.62076557334,26591.0,12428.571428571428,32638.0,29014.0,30012.0,31059.0
